Title,Company,Link
(AI 서비스) 자연어처리(NLP)/ Python 엔진 개발,아일리스프런티어(ailysfrontier),https://www.wanted.co.kr/wd/231720
Python BackEnd Developer,에이젠글로벌,https://www.wanted.co.kr/wd/240181
Python Backend Developer,크로스이엔에프,https://www.wanted.co.kr/wd/238973
Python Back-end Engineer,올거나이즈코리아(Allganize Korea),https://www.wanted.co.kr/wd/160068
[Python] Back-end Developer,단비교육,https://www.wanted.co.kr/wd/236175
백엔드 개발자 (Python),바로팜,https://www.wanted.co.kr/wd/236055
Python 개발자,버블콘,https://www.wanted.co.kr/wd/239727
백엔드 엔지니어 (Python) (대전),유니아이,https://www.wanted.co.kr/wd/239786
(AI 서비스) 자연어처리(NLP)/ Python 엔진 개발,아일리스프런티어(ailysfrontier),https://www.wanted.co.kr/wd/231720
Python BackEnd Developer,에이젠글로벌,https://www.wanted.co.kr/wd/240181
Python Backend Developer,크로스이엔에프,https://www.wanted.co.kr/wd/238973
Python Back-end Engineer,올거나이즈코리아(Allganize Korea),https://www.wanted.co.kr/wd/160068
[Python] Back-end Developer,단비교육,https://www.wanted.co.kr/wd/236175
백엔드 개발자 (Python),바로팜,https://www.wanted.co.kr/wd/236055
Python 개발자,버블콘,https://www.wanted.co.kr/wd/239727
백엔드 엔지니어 (Python) (대전),유니아이,https://www.wanted.co.kr/wd/239786
Python application & Algorithm 개발자,메디픽셀,https://www.wanted.co.kr/wd/190006
파이썬 프로그래머,라온피플,https://www.wanted.co.kr/wd/240768
python 백앤드개발자,블록스퀘어서울,https://www.wanted.co.kr/wd/233060
백엔드 리드 엔지니어 (Python),엘리스,https://www.wanted.co.kr/wd/230306
파이썬 프로그램 개발자,뉴로다임,https://www.wanted.co.kr/wd/231640
"[전문연구요원 가능] C/C++, Python 로봇 제어 개발자",메디인테크,https://www.wanted.co.kr/wd/100407
백엔드 엔지니어 (Python),엘리스,https://www.wanted.co.kr/wd/57878
리드 개발자 (Python),베링랩,https://www.wanted.co.kr/wd/206209
파이썬 백엔드 개발자,에이드파트너스,https://www.wanted.co.kr/wd/221445
시니어 파이썬 백엔드 엔지니어,알로카도스,https://www.wanted.co.kr/wd/232077
백엔드 엔지니어 (Python),버핏서울,https://www.wanted.co.kr/wd/197592
"[전문연구요원 가능] C/C++, Python 로봇 제어 개발자 (신입)",메디인테크,https://www.wanted.co.kr/wd/147487
커머스 마케팅 솔루션 Python Backend 리드,샐러드랩,https://www.wanted.co.kr/wd/209397
풀스택 웹 개발자 (Python/Django),웜블러드,https://www.wanted.co.kr/wd/142233
"백엔드 개발자 Node.js, Python/5년 이상",딥세일즈,https://www.wanted.co.kr/wd/211459
[인텔리전스랩스] MLOps팀 백엔드 개발자 (Python/Go),넥슨코리아(NEXON),https://www.wanted.co.kr/wd/151721
Python 백엔드 개발자 / 클라우드 엔지니어,브레인다이브,https://www.wanted.co.kr/wd/233224
Python 개발자,미니레코드,https://www.wanted.co.kr/wd/241554
[플레이오] Python 백엔드 개발,지엔에이컴퍼니,https://www.wanted.co.kr/wd/193602
Python 데이터 처리 알고리즘 개발자,포지큐브(POSICUBE),https://www.wanted.co.kr/wd/240355
백엔드 엔지니어 (Python/FastAPI),쿠파,https://www.wanted.co.kr/wd/240271
백엔드 엔지니어 (Python),아이네블루메(채티),https://www.wanted.co.kr/wd/60926
Backend Engineer (Python),뤼튼테크놀로지스,https://www.wanted.co.kr/wd/239124
백엔드 개발자 (python),피알앤디컴퍼니(헤이딜러),https://www.wanted.co.kr/wd/59335
파이썬 개발자 [커넥트팀],원티드랩,https://www.wanted.co.kr/wd/236544
백엔드 엔지니어 (Python/Django),뮤즈라이브(Muzlive),https://www.wanted.co.kr/wd/18295
[CROSS SHOP] Python Backend Developer,크로스이엔에프,https://www.wanted.co.kr/wd/238977
Web/Python 개발자 (신입 가능),비스텔리젼스,https://www.wanted.co.kr/wd/237365
Python Django 백엔드 개발자,똑똑한개발자,https://www.wanted.co.kr/wd/100997
이커머스 솔루션 Python Backend 개발자,샐러드랩,https://www.wanted.co.kr/wd/201877
[신입] 백엔드 엔지니어 (Python),엘리스,https://www.wanted.co.kr/wd/162405
백엔드 엔지니어 (Python) (판교),유니아이,https://www.wanted.co.kr/wd/239499
Python 백엔드 개발자,앱테스트에이아이,https://www.wanted.co.kr/wd/239771
파이썬(Python) 개발자,에잇퍼센트(8PERCENT),https://www.wanted.co.kr/wd/224963
글로벌 백엔드 엔지니어 (Python),엘리스,https://www.wanted.co.kr/wd/182859
[인텔리전스랩스] 선행프로덕트팀 백엔드 개발자 (Python/Go),넥슨코리아(NEXON),https://www.wanted.co.kr/wd/211877
파이썬(Python) 개발자 - 병역특례,에잇퍼센트(8PERCENT),https://www.wanted.co.kr/wd/226155
데이터 엔지니어 (Python),핀다(FINDA),https://www.wanted.co.kr/wd/180080
[인텔리전스랩스] 소셜메이킹팀 백엔드 개발자 (Python),넥슨코리아(NEXON),https://www.wanted.co.kr/wd/205855